dataset,file_scope,variable_code,variable_title,variable_type,periodicity,observed_in_AT_2013Q1,observed_in_AT_2013Y,description,processing_anonymisation
EU-LFS public microdata,quarterly_or_annual,COEFF,Weighting factor,Core,Quarterly & annual,true,true,"Yearly or quarterly weighting factor applied as required to take into account a unit's probability of selection, non-response, and to adjust the sample according to external data relating to the distribution of households and persons in the target population.",Random noise added to prevent disclosure of household structure.  Limited to a maximum of 5% of the original COEFF value.
EU-LFS public microdata,quarterly_or_annual,QUARTER,Quarter,Derived - labour,Quarterly & annual,true,true,"Quarter of the calendar year, or annoted to show dataset concerns an annual file.  1 January - March 2 April - June 3 July - September 4 October - December",
EU-LFS public microdata,quarterly_or_annual,REFYEAR,Year of the survey,Core,Quarterly & annual,true,true,,
EU-LFS public microdata,quarterly_or_annual,REFWEEK,Reference week,Core,Quarterly & annual,true,true,Number of the week running from Monday to Sunday in terms of a calendar year.,
EU-LFS public microdata,quarterly_or_annual,INTWEEK,Interview week,Core,Quarterly & annual,true,true,Number of the week running from Monday to Sunday in terms of a calendar year.  When used with REFWEEK this gives an indication of the recall period and information on the quality of the response.,
EU-LFS public microdata,quarterly_or_annual,COUNTRY,Country,Core,Quarterly & annual,true,true,AT Oesterreich BE Belgique BG Bulgaria CH Switzerland CY Cyprus CZ Czech Republic DE Deutschland DK Danmark EE Estonia EL Ellada ES Espana FI Suomi FR France HR Croatia HU Hungary IE Ireland IS Iceland IT Italia LT Lithuania LU Luxembourg LV Latvia MT Malta NL Nederland NO Norway PL Poland PT Portugal RO Romania RS Srbija SE Sverige SI Slovenia SK Slovak Republic UK United Kingdom,
EU-LFS public microdata,quarterly_or_annual,REGION,Region of household,Core,Quarterly & annual,true,true,NUTS classification.,"Values removed during anonymisation process.  Considered too identifying at this level of detail.  Information is available in the anonymised data, see variable COUNTRY."
EU-LFS public microdata,quarterly_or_annual,DEGURBA,Degree of urbanisation,Core,Quarterly & annual,true,true,Used to calculate employment and unemployment rates and main population characteristics separately for urban and rural areas.  0 Densely and intermediately populated area 3 Thinly populated area,"Identifying variable, global recoding applied to reduce the level of detail, and local supressions made as necessary."
EU-LFS public microdata,quarterly_or_annual,HHTYPE,Type of household,Core,Quarterly & annual,true,true,Quarter and serial number of household.  Serial numbers are allocated by the national statistical institutes and remain the same for all waves.  Records relating to different members of the same household carry the same serial number.  1 Person living in a private household (or permanently in a hotel) and surveyed in this household 2 Person living in an institution and surveyed in this institution 3 Person living in an institution but surveyed in this private household 4 Person living in another private household on the territory of the country but surveyed in this household of origin 5 Person living outside the territory of the country,
EU-LFS public microdata,quarterly_or_annual,HHINST,Type of institution,Core,Quarterly & annual,true,true,"Information concerning the distribution of the population by type of collective household.  HHTYPE = 2,3.  1 Educational 2 Hospital 3 Other welfare institution 4 Religious institution (not already included in 1-3) 5 Workers' hostel, working quarters at building sites, student hostel, university accommodation, etc 6 Military establishment 7 Other (e.g. prison) 9 Not applicable (HHTYPE = 1,4)",
EU-LFS public microdata,quarterly_or_annual,INTWAVE,Sequence number of the survey wave,Core,Quarterly & annual,true,true,"Used for longitudinal studies, this is an identifier of an interview in the database.  It corresponds with the number of times an individual / household appears in the sample.  Integers between 1 and 8.",
EU-LFS public microdata,quarterly_or_annual,INTQUEST,Questionnaire used,Core,Quarterly & annual,true,true,1 Only core variables 2 Whole questionnaire,
EU-LFS public microdata,quarterly_or_annual,REM,Reference month,Core,Quarterly & annual,true,true,1 January 2 February 3 March 4 April 5 May 6 June 7 July 8 August 9 September 10 October 11 Novemeber 12 December,
EU-LFS public microdata,quarterly_or_annual,YEAR,Fixed reference year,Core,Quarterly & annual,true,true,,
EU-LFS public microdata,quarterly_or_annual,HHPRIV,Type of household,Core,Quarterly & annual,true,true,"1 Person living in private household (or permanently in a hotel) and surveyed in this household 2 Person living in an institution and surveyed in this institution 3 Person living in an institution but surveyed in this private household 4 Person living in another private household on the territory of the country but surveyed in this household of origin  Note: All EU-LFS based analyses are restricted to the population living in private households, where HHPRIV = 1.",
EU-LFS public microdata,quarterly_or_annual,HHLINK,Relationship to reference person in the household,Core,Annual,false,true,"HHTYPE = 1,3","Considered too identifying , values removed during anonymisation process."
EU-LFS public microdata,quarterly_or_annual,HHSPOU,Sequence number of spouse or cohabiting partner,Core,Annual,false,true,"HHTYPE = 1,3","Considered too identifying , values removed during anonymisation process."
EU-LFS public microdata,quarterly_or_annual,HHFATH,Sequence number of father,Core,Annual,false,true,"HHTYPE = 1,3","Considered too identifying , values removed during anonymisation process."
EU-LFS public microdata,quarterly_or_annual,HHMOTH,Sequence number of mother,Core,Annual,false,true,"HHTYPE = 1,3","Considered too identifying , values removed during anonymisation process."
EU-LFS public microdata,quarterly_or_annual,SEX,Sex,Core,Quarterly & annual,true,true,1 Male 2 Female,Local supressions made as necessary.
EU-LFS public microdata,quarterly_or_annual,AGE,Age,Derived - labour,Quarterly & annual,true,true,"Age of interviewed person in complete years at time of survey, and aggregated into age bands as follows: 7 0-14 20 15-24 32 25-39 47 40-54 65 55-74 75 75+","Identifying variable, global recoding applied to reduce the level of detail, and local supressions made as necessary."
EU-LFS public microdata,quarterly_or_annual,MARSTAT,Marital Status,Core,Annual,false,true,,"Considered too identifying , values removed during anonymisation process."
EU-LFS public microdata,quarterly_or_annual,NATIONAL,Nationality,Core,Quarterly & annual,true,true,000-OWN National / native of the country 005-EU28 National of another EU country NO ANSWER Other,"Identifying variable, global recoding applied to reduce the level of detail.  In additon, local suppressions and post-randomisation perturbations have been applied as necessary."
EU-LFS public microdata,quarterly_or_annual,YEARESID,Years of residence in the country,Core,Quarterly & annual,true,true,Number of years of residence in this country for persons not born in this country (where NATIONAL <> 000-OWN) expressed in complete years at time of survey.  0 Born in this country 5 1 to 10 years 11 11 years or more,"Identifying variable, global recoding applied to reduce the level of detail, and local supressions made as necessary."
EU-LFS public microdata,quarterly_or_annual,COUNTRYB,Country of birth,Core,Quarterly & annual,true,true,000-OWN National / native of the country 005-EU28 Is a national of another EU country NO ANSWER Other,"Identifying variable, global recoding applied to reduce the level of detail, and local supressions made as necessary."
EU-LFS public microdata,quarterly_or_annual,PROXY,Nature of participation in the survey,Core,Quarterly & annual,true,true,AGE ≥ 15 years  1 Direct participation 2 Participation via another member of the household 9 Not applicable (child less than 15 years old),
EU-LFS public microdata,quarterly_or_annual,WSTATOR,Labour status during reference week,Core,Quarterly & annual,true,true,AGE ≥ 15 years  1 Did any work for pay or profit during the reference week - one hour or more (including family workers but excluding conscripts on compulsory military or community service) 2 Was not working but had a job or business from which he/she was absent during the reference week (including family workers but excluding conscripts on compulsory military or community service)  3 Was not working because on lay-off 4 Was a conscript on compulsory military or community service 5 Other (15 years or more) who neither worked nor had a job or business during the reference week 9 Not applicable (child less than 15 years old),Values removed during anonymisation process.  Considered too detailed and relationships exist with other variables.
EU-LFS public microdata,quarterly_or_annual,NOWKREAS,Reason for not having worked although having a job,Core,Quarterly & annual,true,true,"WSTATOR = 2  0 Bad weather 1 Slack work for technical or economic reasons 2 Labour dispute 3 School education or training 4 Own illness, injury or temporary disability 5 Maternity or paternity leave 6 Parental leave 7 Holidays 8 Compensation leave (within the framework of working time banking or an annualised hours contract) 9 Other reasons (e.g. personal or family responsibilities) 99  Not applicable (WSTATOR = 1,3-5,9)",
EU-LFS public microdata,quarterly_or_annual,STAPRO,Professional status,Core,Quarterly & annual,true,true,"WSTATOR = 1,2 0 Self-employed with or without employees 5 Employee or family worker 9  Not applicable (WSTATOR = 3-5,9)","Identifying variable, global recoding applied to reduce the level of detail.  In additon, local suppressions and post-randomisation perturbations have been applied as necessary."
EU-LFS public microdata,quarterly_or_annual,SIGNISAL,Continuous receipt of wage or salary,Core,Quarterly & annual,true,true,"(WSTATOR = 2 and NOWKREAS ≠ 4,5 and STAPRO = 3 (employee)) or WSTATOR = 3  1 Absent for up to and including 3 months 2 Absent for more than 3 months and receiving a wage, salary or social allowances corresponding to half or more of the salary 3 Absent for more than 3 months and receiving a wage, salary or social allowances corresponding to less than half of the salary 4 Don’t know 9  Not applicable ((WSTATOR ≠ 2 or NOWKREAS = 4 or NOWKREAS = 5 or STAPRO ≠ 3) and WSTATOR ≠ 3)",
EU-LFS public microdata,quarterly_or_annual,SUPVISOR,Supervisory responsibilities,Core,Annual,false,true,STAPRO = 3 (employee),See note 1 on the Homepage.
EU-LFS public microdata,quarterly_or_annual,SIZEFIRM,Number of persons working at the local unit,Core,Annual,false,true,"STAPRO = 1 (self-employed with employees), 3 (employee), 4 (family worker)",See note 1 on the Homepage.
EU-LFS public microdata,quarterly_or_annual,COUNTRYW,Country of place of work,Core,Quarterly & annual,true,true,"WSTATOR = 1,2  000-OWN COUNTRY National / native of the country 005-EU28 Is a national of another EU country NO ANSWER Other","Identifying variable, global recoding applied to reduce the level of detail.  In additon, local suppressions and post-randomisation perturbations have been applied as necessary."
EU-LFS public microdata,quarterly_or_annual,REGIONW,Region of place of work,Core,Quarterly & annual,true,true,"WSTATOR = 1,2  NUTS classification.",Values removed during anonymisation process.  Considered too identifying at this level of detail.
EU-LFS public microdata,quarterly_or_annual,YSTARTWK,Year started working for this employer or as self-employed,Core,Quarterly & annual,true,true,"WSTATOR = 1,2  Year expressed in 4 digits.",
EU-LFS public microdata,quarterly_or_annual,MSTARTWK,Month started working for this employer or as self-employed,Core,Quarterly & annual,true,true,"YSTARTWK ≠ 9999 and REFYEAR - YSTARTWK ≤ 2 (i.e. people in work, having started there current work less than 2 years ago).  1 January 2 February 3 March 4 April 5 May 6 June 7 July 8 August 9 September 10 October 11 Novemeber 12 December 99 Not applicable",
EU-LFS public microdata,quarterly_or_annual,WAYJFOUN,Involvement of the public employment office at any moment in find present job,Core,Annual,false,true,STAPRO = 3 (employee) and has started this job in the last 12 months,See note 1 on the Homepage.
EU-LFS public microdata,quarterly_or_annual,FTPT,Full-time or part-time employment,Core,Quarterly & annual,true,true,"WSTATOR = 1,2  1 Full-time job 2 Part-time job 9 WSTATOR ≠ 1,2",
EU-LFS public microdata,quarterly_or_annual,FTPTREAS,Reason for part-time work,Core,Annual,false,true,FTPT = 2,See note 1 on the Homepage.
EU-LFS public microdata,quarterly_or_annual,TEMP,Is this job permanent?,Core,Quarterly & annual,true,true,STAPRO = 3 (employee)  1  Yes 2  No 9  Not applicable (child less than 15 years),
EU-LFS public microdata,quarterly_or_annual,TEMPREAS,Reasons for having a temporary job or work contract of a limited duration,Core,Annual,false,true,TEMP = 2,See note 1 on the Homepage.
EU-LFS public microdata,quarterly_or_annual,TEMPDUR,Total duration of temporary job or work contract,Core,Quarterly & annual,true,true,TEMP = 2  1 Less than one month 2 1 to 3 months 3  4 to 6 months 4 7 to 12 months 5 13 to 18 months 6 19 to 24 months 7 25 to 36 months 8 More than 3 years 9 Not applicable (TEMP ≠ 2),
EU-LFS public microdata,quarterly_or_annual,TEMPAGCY,Contract with a temporary employment agency,Core,Annual,false,true,STAPRO = 3 (employee),See note 1 on the Homepage.
EU-LFS public microdata,quarterly_or_annual,SHIFTWK,Shift Work,Core,Annual,false,true,STAPRO = 3 (employee),See note 1 on the Homepage.
EU-LFS public microdata,quarterly_or_annual,EVENWK,Evening work,Core,Annual,false,true,"WSTATOR = 1,2",See note 1 on the Homepage.
EU-LFS public microdata,quarterly_or_annual,NIGHTWK,Night work,Core,Annual,false,true,"WSTATOR = 1,2",See note 1 on the Homepage.
EU-LFS public microdata,quarterly_or_annual,SATWK,Saturday work,Core,Annual,false,true,"WSTATOR = 1,2",See note 1 on the Homepage.
EU-LFS public microdata,quarterly_or_annual,SUNWK,Sunday work,Core,Annual,false,true,"WSTATOR = 1,2",See note 1 on the Homepage.
EU-LFS public microdata,quarterly_or_annual,HWUSUAL,Number of hours per week usually worked in main job,Core,Quarterly & annual,true,true,"WSTATOR = 1,2  Discrete number of hours.  0 Usual hours cannot be given because hours worked vary considerably from week to week or from month to month 01-98 Number of hours usually worked in the main job 99 Not applicable (WSTATOR = 3-5,9)",
EU-LFS public microdata,quarterly_or_annual,HWACTUAL,Number of hours actually worked during the reference week in main job ,Core,Quarterly & annual,true,true,"WSTATOR = 1,2  Discrete number of hours.  0 Persons having a job or business and not having worked at all in the main activity during the reference week 1-98 Number of hours actually worked in the main job during the reference week 99 Not applicable (WSTATOR = 3-5,9)",
EU-LFS public microdata,quarterly_or_annual,HWOVERP,Paid overtime in hours worked during the reference week in main job,Core,Quarterly & annual,true,true,STAPRO = 3 (employee)  Discrete number of hours.  0-98 Number of paid overtime hours 99 Not applicable (STAPRO ≠ 3 (employee)),
EU-LFS public microdata,quarterly_or_annual,HWOVERPU,Unpaid overtime in hours worked during the reference week in main job,Core,Quarterly & annual,true,true,STAPRO = 3 (employee)  Discrete number of hours.  0-98 Number of paid overtime hours 99 Not applicable (STAPRO ≠ 3 (employee)),
EU-LFS public microdata,quarterly_or_annual,HOURREAS,Main reason hours actually worked during the reference week are different from the person’s usual hours,Core,Quarterly & annual,true,true,"WSTATOR = 1 and HWUSUAL = 0-98 and HWACTUAL = 0-98.  Person has worked more hours than usual (HWACTUAL > HWUSUAL): 1  variable hours 16 overtime 2 other reasons  Person has worked less than usual (HWACTUAL < HWUSUAL): 3 bad weather 4 slack work for technical or economical reasons 5 labour dispute 6 education or training 7 variable hours (e.g. flexible working hours)  8 own illness, injury or temporary disability 9 maternity or parental leave 10 special leave for personal or family reason 11 annual holidays 12 bank holidays 13 start of/change in job during reference week 14 end of job without taking up a new one during reference week 15 other reasons  97 Person has worked usual hours during the reference week (HWACTUAL = HWUSUAL)  98 Person's hours vary considerably (HWUSUAL = 0 & HOURREAS ≠ 1 - 16)  99 Not applicable (WSTATOR = 2-5,9)",
EU-LFS public microdata,quarterly_or_annual,WISHMORE,Wish to work usually more than the current numbers of hours,Core,Quarterly & annual,true,true,"WSTATOR = 1,2  0 No 1 Yes 9 Not applicable (WSTATOR = 3-5,9)",
EU-LFS public microdata,quarterly_or_annual,WAYMORE,How a person wants to work more hours,Core,Annual,false,true,WISHMORE = 1,See note 1 on the Homepage.
EU-LFS public microdata,quarterly_or_annual,HWWISH,Total number of hours the person would like to work,Core,Quarterly & annual,true,true,"WSTATOR = 1,2  Discrete number of hours.  1 - 98 Total number of hours the person would like to work 99 Not applicable (WSTATOR = 3-5,9)",
EU-LFS public microdata,quarterly_or_annual,HOMEWK,Working from home,Core,Annual,false,true,"WSTATOR = 1,2",See note 1 on the Homepage.
EU-LFS public microdata,quarterly_or_annual,LOOKOJ,Looking for another job,Core,Quarterly & annual,true,true,"WSTATOR = 1,2  0 No 1 Yes 9 Not applicable (WSTATOR = 3- 5,9)",
EU-LFS public microdata,quarterly_or_annual,LOOKREAS,Reason person is looking for another job,Core,Annual,false,true,LOOKOJ = 1,See note 1 on the Homepage.
EU-LFS public microdata,quarterly_or_annual,EXIST2J,Existence of more than one job or business,Core,Quarterly & annual,true,true,"WSTATOR = 1,2  1 Person had only one job or business during the reference week 2 Person had more than one job or business during the reference week (not due to change of job or business) 9 Not applicable (WSTATOR = 3-5,9)",
EU-LFS public microdata,quarterly_or_annual,STAPRO2J,Professional status in second job,Core,Quarterly & annual,true,true,"EXIST2J = 2  0 Self-employed with or without employees 5 Employee or family worker 9 Not applicable (EXIST2J = 1,9)","Identifying variable, global recoding applied to reduce the level of detail."
EU-LFS public microdata,quarterly_or_annual,HWACTUA2,Number of hours actually worked during the reference week in second job ,Core,Quarterly & annual,true,true,"EXIST2J = 2  Discrete number of hours.  0 Persons not having worked in second job during reference week 01-98 Number of hours usually worked in the main job 99 Not applicable (EXIST2J = 1,9)",
EU-LFS public microdata,quarterly_or_annual,EXISTPR,Existence of previous employment experience,Core,Quarterly & annual,true,true,"WSTATOR = 3-5  0 Person has never been in employment (purely occasional work, such as vacation work, compulsory military or community service is not to be considered as employment) 1 Person has already been in employment (purely occasional work, such as vacation work, compulsory military or community service is not to be considered as employment) 9 Not applicable (WSTATOR = 1,2,9)",
EU-LFS public microdata,quarterly_or_annual,YEARPR,Year in which person last worked,Core,Quarterly & annual,true,true,"EXISTPR = 1  Year expressed in 4 digits.  9999 Not applicable (EXISTPR = 0,9)",
EU-LFS public microdata,quarterly_or_annual,MONTHPR,Month in which person last worked,Core,Quarterly & annual,true,true,"YEARPR ≠ 9999 and REFYEAR - YEARPR ≤ 2 (i.e. people not in work, having a previous employment experience within the last 2 years).  1 January 2 February 3 March 4 April 5 May 6 June 7 July 8 August 9 September 10 October 11 Novemeber 12 December 99 Not applicable",
EU-LFS public microdata,quarterly_or_annual,LEAVREAS,Main reason for leaving last job or business,Core,Annual,false,true,"EXISTPR = 1 and REFYEAR - YEARPR < 8 (i.e. people not in work, having a previous employment experience within the last 8 years)",See note 1 on the Homepage.
EU-LFS public microdata,quarterly_or_annual,STAPROPR,Professional status in last job,Core,Quarterly & annual,true,true,"EXISTPR = 1 and REFYEAR - YEARPR < 8 (i.e. people not in work, having a previous employment experience within the last 8 years).  0 Self-employed with or without employees 5 Employee or family worker 9 Not applicable (EXIST2J = 1,9)","Identifying variable, global recoding applied to reduce the level of detail.  Supressed if STAPROPR is supressed."
EU-LFS public microdata,quarterly_or_annual,ISCOPR3D,Occupation of last job,Core,Quarterly & annual,true,true,"EXISTPR = 1 and REFYEAR - YEARPR < 8 (i.e. people not in work, having a previous employment experience within the last 8 years).  Quarterly only if having worked in the last 12 months, otherwise yearly.  International Standard Classification of Occupations codes to 3 digits.",Values removed during anonymisation process.  Considered too identifying at this level of detail.
EU-LFS public microdata,quarterly_or_annual,SEEKWORK,Seeking employment during previous four weeks,Core,Quarterly & annual,true,true,"WSTATOR = 3-5 or SIGNISAL = 3, and AGE < 75.  1 Person has already found a job which will start within a period of at most 3 months 2 Person has already found a job which will start in more than 3 months and is not seeking employment 3 Person is not seeking employment and has not found any job to start later 4 Person is seeking employment 9 Not applicable (WSTATOR=1,2,9 and SIGNISAL ≠ 3) or age equal or greater than 75",
EU-LFS public microdata,quarterly_or_annual,SEEKREAS,Reasons for not searching for employment,Core,Annual,false,true,SEEKWORK = 3,See note 1 on the Homepage.
EU-LFS public microdata,quarterly_or_annual,SEEKTYPE,Type of employment sought (or found),Core,Quarterly & annual,true,true,"The employment sought (or found) (SEEKWORK = 1,2,4 or LOOKOJ = 1) is: 1 as self-employed 2 as full-time employee only 3  as full-time employee but, if not available, part-time job will be accepted 4 as part-time employee but, if not available, full-time job will be accepted 5 as part-time employee only 6  Person did not state whether their preference is for full-time or part-time employment 9 Not applicable (SEEKWORK = 3,9 and LOOKOJ = 0,9)",
EU-LFS public microdata,quarterly_or_annual,SEEKDUR,Duration of search for employment,Core,Quarterly & annual,true,true,"SEEKWORK = 1,4 or LOOKOJ = 1  0 Search not yet started 1 Less than 1 month 2 1-2 months 3 3-5 months 4 6-11 months 5 12-17 months 6 18-23 months 7 24-47 months 8 4 years or longer 9 Not applicable (SEEKWORK = 2,3,9 and  LOOKOJ = 0,9)",
EU-LFS public microdata,quarterly_or_annual,METHODA,Contacted public employment office to find work,Core,Quarterly & annual,true,true,SEEKWORK = 4 ot LOOKOJ = 1  0 No 1 Yes 9 Not applicable (SEEKWORK ≠ 4 and LOOKOJ ≠ 1),
EU-LFS public microdata,quarterly_or_annual,METHODB,Contacted private employment office to find work,Core,Quarterly & annual,true,true,SEEKWORK = 4 ot LOOKOJ = 1  0 No 1 Yes 9 Not applicable (SEEKWORK ≠ 4 and LOOKOJ ≠ 1),
EU-LFS public microdata,quarterly_or_annual,METHODC,Applied to employers directly,Core,Quarterly & annual,true,true,SEEKWORK = 4 ot LOOKOJ = 1  0 No 1 Yes 9 Not applicable (SEEKWORK ≠ 4 and LOOKOJ ≠ 1),
EU-LFS public microdata,quarterly_or_annual,METHODD,"Asked friends, relatives, trade unions, etc",Core,Quarterly & annual,true,true,SEEKWORK = 4 ot LOOKOJ = 1  0 No 1 Yes 9 Not applicable (SEEKWORK ≠ 4 and LOOKOJ ≠ 1),
EU-LFS public microdata,quarterly_or_annual,METHODE,Inserted or answered advertisements in newspapers or journals,Core,Quarterly & annual,true,true,SEEKWORK = 4 ot LOOKOJ = 1  0 No 1 Yes 9 Not applicable (SEEKWORK ≠ 4 and LOOKOJ ≠ 1),
EU-LFS public microdata,quarterly_or_annual,METHODF,Studied advertisements in newspapers or journals,Core,Quarterly & annual,true,true,SEEKWORK = 4 ot LOOKOJ = 1  0 No 1 Yes 9 Not applicable (SEEKWORK ≠ 4 and LOOKOJ ≠ 1),
EU-LFS public microdata,quarterly_or_annual,METHODG,"Took a test, interview or examination",Core,Quarterly & annual,true,true,SEEKWORK = 4 ot LOOKOJ = 1  0 No 1 Yes 9 Not applicable (SEEKWORK ≠ 4 and LOOKOJ ≠ 1),
EU-LFS public microdata,quarterly_or_annual,METHODH,"Looked for land, premises or equipment",Core,Quarterly & annual,true,true,SEEKWORK = 4 ot LOOKOJ = 1  0 No 1 Yes 9 Not applicable (SEEKWORK ≠ 4 and LOOKOJ ≠ 1),
EU-LFS public microdata,quarterly_or_annual,METHODI,"Looked for permits, licenses, financial resources",Core,Quarterly & annual,true,true,SEEKWORK = 4 ot LOOKOJ = 1  0 No 1 Yes 9 Not applicable (SEEKWORK ≠ 4 and LOOKOJ ≠ 1),
EU-LFS public microdata,quarterly_or_annual,METHODJ,Awaiting the results of an application for a job,Core,Quarterly & annual,true,true,SEEKWORK = 4 ot LOOKOJ = 1  0 No 1 Yes 9 Not applicable (SEEKWORK ≠ 4 and LOOKOJ ≠ 1),
EU-LFS public microdata,quarterly_or_annual,METHODK,Waiting for a call from a public employment office,Core,Quarterly & annual,true,true,SEEKWORK = 4 ot LOOKOJ = 1  0 No 1 Yes 9 Not applicable (SEEKWORK ≠ 4 and LOOKOJ ≠ 1),
EU-LFS public microdata,quarterly_or_annual,METHODL,Awaiting the results of a competition for recruitment to public sector,Core,Quarterly & annual,true,true,SEEKWORK = 4 ot LOOKOJ = 1  0 No 1 Yes 9 Not applicable (SEEKWORK ≠ 4 and LOOKOJ ≠ 1),
EU-LFS public microdata,quarterly_or_annual,METHODM,Other method used,Core,Quarterly & annual,true,true,SEEKWORK = 4 ot LOOKOJ = 1  0 No 1 Yes 9 Not applicable (SEEKWORK ≠ 4 and LOOKOJ ≠ 1),
EU-LFS public microdata,quarterly_or_annual,WANTWORK,Willingness to work for person not seeking employment,Core,Quarterly & annual,true,true,SEEKWORK = 3  Person is not seeking employment: 1 but would like to have work  2 and does not want to have work 9 Not applicable (SEEKWORK ≠ 3),
EU-LFS public microdata,quarterly_or_annual,AVAILBLE,Availability to start work within two weeks,Core,Quarterly & annual,true,true,"SEEKWORK = 1,4 or WANTWORK = 1  If work were found now: 1 Person could start to work immediately (within 2 weeks) 2 Person could not start to work immediately (within 2 weeks) 9 Not applicable (SEEKWORK ≠ 1,4 and WANTWORK ≠ 1 and WISHMORE ≠ 1)",
EU-LFS public microdata,quarterly_or_annual,AVAIREAS,Reason for not being able to start work within 2 weeks,Core,Annual,false,true,AVAILBLE = 2,See note 1 on the Homepage.
EU-LFS public microdata,quarterly_or_annual,PRESEEK,Situation immediately prior to person starting to seek employment (or waiting for new job to start),Core,Annual,false,true,"SEEKWORK = 1,2,4",See note 1 on the Homepage.
EU-LFS public microdata,quarterly_or_annual,NEEDCARE,Need for care facilities,Core,Annual,false,true,FTPTREAS = 3 or SEEKREAS = 3,See note 1 on the Homepage.
EU-LFS public microdata,quarterly_or_annual,REGISTER,Registration at a public employment office,Core,Annual,false,true,15 ≤ AGE ≤ 74,See note 1 on the Homepage.
EU-LFS public microdata,quarterly_or_annual,MAINSTAT,Main labour status,Core,Annual,false,true,AGE ≥ 15,"See note 1 on the Homepage.  Also considered too identifying, therefore values would be removed during anonymisation process."
EU-LFS public microdata,quarterly_or_annual,EDUCSTAT,Student or apprentice in regular education during the last four weeks,Core,Quarterly & annual,true,true,AGE ≥ 15  1  Has been a student or an apprentice  2  Has not been a student or apprentice  3  Person in regular education but on holiday 9  Not applicable (child less than 15 years),
EU-LFS public microdata,quarterly_or_annual,EDUCLEVL,Level of education in which the person is currently enrolled,Core,Quarterly & annual,true,true,"EDUCSTAT = 1,3  Expressed in terms of the International Standard Classification of Education.  Codes from 2003 until 2013, inclusive (ISCED 97): 1 ISCED 1  2 ISCED 2  3 ISCED 3  4 ISCED 4 5 ISCED 5 6 ISCED 6  From 2014 onwards, the following codes were added (ISCED 11): 7 ISCED 7  8 ISCED 8 9 Not applicable (EDUCSTAT ≠ 1 or 3)",
EU-LFS public microdata,quarterly_or_annual,EDUCFILD,Field of current education or training,Core,Annual,false,true,"EDUCSTAT = 1,3 and EDUCLEVL = 3-6","See note 1 on the Homepage.  Also considered too identifying, therefore values would be removed during anonymisation process."
EU-LFS public microdata,quarterly_or_annual,COURATT,Study outside the regular education system,Core,Quarterly & annual,true,true,"AGE ≥ 15  Attendance at any course, seminar, conference, or received private lessons or instruction, outside of the regular education system (hereafter referred to as ""taught learning activities"", ""job-related"" or ""for personal purposes"".  1 Yes 2 No 9 Not applicable (child less than 15 years)",
EU-LFS public microdata,quarterly_or_annual,COURLEN,Number of hours spent on all taught learning activities,Core,Quarterly & annual,true,true,"COURATT = 1  Within the last 4 weeks, where discrete xxx (up to 3 digits) represents number of hours.  999 Not applicable (COURATT = 2,9)",
EU-LFS public microdata,quarterly_or_annual,COURPURP,Purpose of the most recent taught learning activity,Core,Annual,false,true,COURATT = 1,See note 1 on the Homepage.
EU-LFS public microdata,quarterly_or_annual,COURFILD,Field of the most recent taught learning activity,Core,Annual,false,true,COURATT = 1,"See note 1 on the Homepage.  Also considered too identifying, therefore values would be removed during anonymisation process."
EU-LFS public microdata,quarterly_or_annual,COURWORH,Did the most recent taught learning activity take place during paid working hours?,Core,Annual,false,true,COURATT = 1,See note 1 on the Homepage.
EU-LFS public microdata,quarterly_or_annual,HAT97LEV,Highest educational attainment level,Core,Quarterly & annual,true,true,"AGE ≥ 15  Highest level of education successfully completed, expressed in terms of the International Standard Classification of Education.  HAT97LEV used until 2013 (ISCED 97), inclusive.  Replaced by HAT11LEV from 2014 onwards (ISCED 11).","Values removed during anonymisation process.  Information is available in the anonymised data, see variable HATLEV1D."
EU-LFS public microdata,quarterly_or_annual,HAT11LEV,Highest educational attainment level,Core,Quarterly & annual,false,false,"AGE ≥ 15  Highest level of education successfully completed, expressed in terms of the International Standard Classification of Education.  HAT97LEV used until 2013 (ISCED 97), inclusive.  Replaced by HAT11LEV from 2014 onwards (ISCED 11).","Values removed during anonymisation process.  Information is available in the anonymised data, see variable HATLEV1D."
EU-LFS public microdata,quarterly_or_annual,HATFIELD,Field of educational attainment level,Core,Annual,false,true,(HATLEVEL = 22-60 (2003-2013) or HATLEVEL = 300-800 (2014 onwards)) and  (15 ≤ AGE ≤ 34 or (AGE > 34 and REFYEAR - HATYEAR ≤ 15)),"See note 1 on the Homepage.  Also considered too identifying, therefore values would be removed during anonymisation process."
EU-LFS public microdata,quarterly_or_annual,HATYEAR,Year when educational attainment level was successfully completed,Core,Annual,false,true,HATLEVEL = 11-60 (2003-2013) or HATLEVEL = 100-800 (2014 onwards),See note 1 on the Homepage.
EU-LFS public microdata,quarterly_or_annual,WSTAT1Y,Situation with regard to activity one year before survey,Core,Annual,false,true,AGE > 15,"See note 1 on the Homepage.  Also considered too identifying, therefore values would be removed during anonymisation process."
EU-LFS public microdata,quarterly_or_annual,STAPRO1Y,Professional status one year before survey,Core,Annual,false,true,WSTAT1Y = 1,"See note 1 on the Homepage.  Also considered too identifying, therefore values would be removed during anonymisation process."
EU-LFS public microdata,quarterly_or_annual,NA111Y1D,Economic activity one year before survey,Core,Annual,false,true,WSTAT1Y = 1,"See note 1 on the Homepage.  Also considered too identifying, therefore values would be removed during anonymisation process."
EU-LFS public microdata,quarterly_or_annual,COUNTR1Y,Country of residence one year before survey,Core,Annual,false,true,,"See note 1 on the Homepage.  Also considered too identifying, therefore values would be removed during anonymisation process."
EU-LFS public microdata,quarterly_or_annual,REGION1Y,Region of residence one year before survey,Core,Annual,false,true,NUTS classification.,"See note 1 on the Homepage.  Also considered too identifying, therefore values would be removed during anonymisation process."
EU-LFS public microdata,quarterly_or_annual,ILOSTAT,International Labour Organisation work status,Derived - labour,Quarterly & annual,true,true,AGE > 15  1 Employed 2 Unemployed 3 Inactive 4 Compulsory military service 9 Not applicable (child less than 15 years),Local supressions made as necessary.
EU-LFS public microdata,quarterly_or_annual,NA111D,Economic activity in main job,Derived - labour,Quarterly & annual,true,true,"WSTATOR = 1,2  Economic activities are characterised by the input of goods or services, a production process and the output of products.  Classification is according to NACE.","Values removed during anonymisation process.  Information is available in the anonymised data, see variable NACE1D."
EU-LFS public microdata,quarterly_or_annual,NA11S,Economic activity in main job by sector,Derived - labour,Quarterly & annual,true,true,"WSTATOR = 1,2  Economic activities are characterised by the input of goods or services, a production process and the output of products.  Classification is according to NACE.",Values removed during anonymisation process.
EU-LFS public microdata,quarterly_or_annual,ISCO1D,Occupation,Derived - labour,Quarterly & annual,true,true,"WSTATOR = 1,2  Top level ISCO codes.  0 Armed Forces 100 Managers 200 Professionals 300 Technicians and associated professionals 400 Clerical support workers 500 Service and sales workers 600 Skilled agricultural, forestry and fishery workers 700 Craft and related trades workers 800 Plant and machine operators and assemblers 900 Elementary occupations 999 Not applicable (WSTATOR = 3-5,9)","Identifying variable, global recoding applied to reduce the level of detail.  In additon, local suppressions and post-randomisation perturbations have been applied as necessary."
EU-LFS public microdata,quarterly_or_annual,NA112J1D,Economic activity in second job,Derived - labour,Quarterly & annual,true,true,"EXIST2J = 2  Economic activities are characterised by the input of goods or services, a production process and the output of products.  Classification is according to NACE.","Values removed during anonymisation process.  Information is available in the anonymised data, see variable NACE2J1D."
EU-LFS public microdata,quarterly_or_annual,NA112JS,Economic activity in second job by sector,Derived - labour,Quarterly & annual,true,true,"EXIST2J = 2  Economic activities are characterised by the input of goods or services, a production process and the output of products.  Classification is according to NACE.",Values removed during anonymisation process.
EU-LFS public microdata,quarterly_or_annual,NA11PR1D,Economic activity in last job,Derived - labour,Quarterly & annual,true,true,"EXISTPR = 1 and REFYEAR-YEARPR < 8 (i.e. people not in work, having a previous employment experience within the last 8 years).  Economic activities are characterised by the input of goods or services, a production process and the output of products.  Classification is according to NACE.","Values removed during anonymisation process.  Information is available in the anonymised data, see variable NACEPR1D."
EU-LFS public microdata,quarterly_or_annual,NA11PRS,Economic activity in last job by sector,Derived - labour,Quarterly & annual,true,true,"EXISTPR = 1 and REFYEAR-YEARPR < 8 (i.e. people not in work, having a previous employment experience within the last 8 years).  Economic activities are characterised by the input of goods or services, a production process and the output of products.  Classification is according to NACE.",Values removed during anonymisation process.
EU-LFS public microdata,quarterly_or_annual,ISCOPR1D,Occupation in previous job,Derived - labour,Quarterly & annual,true,true,"EXISTPR = 1 and REFYEAR-YEARPR < 8 (i.e. people not in work, having a previous employment experience within the last 8 years).  ISCO top level codes: 0 Armed Forces 100 Managers 200 Professionals 300 Technicians and associated professionals 400 Clerical support workers 500 Service and sales workers 600 Skilled agricultural, forestry and fishery workers 700 Craft and related trades workers 800 Plant and machine operators and assemblers 900 Elementary occupations",
EU-LFS public microdata,quarterly_or_annual,DURUNE,Duration of unemployment,Derived - labour,Quarterly & annual,true,true,ILOSTAT = 2  1 Currently no job search activity or duration of unemployment less than 6 months 2 6-11 months 3 1 year or longer 9 Not applicable (ILOSTAT ≠ 2),Supressed if ILOSTAT is supressed.
EU-LFS public microdata,quarterly_or_annual,EDUC4WN,Education or training received during previous four weeks,Derived - labour,Quarterly & annual,true,true,AGE ≥ 15  0 Received no education or training 1 Received some education or training 9 Not applicable (child less than 15 years),
EU-LFS public microdata,quarterly_or_annual,HATLEV1D,Level of education,Derived - labour,Quarterly & annual,true,true,AGE ≥ 15  L Low: Lower secondary M Medium: Upper secondary H High: Third level 9 Not applicable (child less than 15 years),Local supressions made as necessary.
EU-LFS public microdata,quarterly_or_annual,NA111YS,Economic activity one year before survey by sector,Derived - labour,Annual,false,true,WSTAT1Y = 1  Classification is according to NACE.,"See note 1 on the Homepage.  Also considered too identifying, therefore values would be removed during anonymisation process."
EU-LFS public microdata,quarterly_or_annual,METHFW,Main method used to find work,Former / formerly derived variable,Annual,false,true,"SEEKWORK = 1,2,4 or LOOKOJ = 1",See note 1 on the Homepage.
EU-LFS public microdata,quarterly_or_annual,LENTR4W,Total length of training,Former / formerly derived variable,Annual,false,true,EDUC4WN = 1,See note 1 on the Homepage.
EU-LFS public microdata,quarterly_or_annual,PURP4W,Purpose of the training received during the previous 4 weeks,Former / formerly derived variable,Annual,false,true,EDUC4WN = 1,See note 1 on the Homepage.
EU-LFS public microdata,quarterly_or_annual,ISCO3D,Occupation,Core,Quarterly & annual,true,true,"WSTATOR = 1,2  ISCO classification to 3 digits.","Values removed during anonymisation process as considered too detailed.  Information is available in the anonymised data, see variable ISCO1D."
EU-LFS public microdata,quarterly_or_annual,STARTIME,Duration of service in current job,Derived - labour,Quarterly & annual,true,true,"WSTATOR = 1,2  0-998 Time in months since person started current employment 999 Not applicable (WSTATOR = 3-5,9)",
EU-LFS public microdata,quarterly_or_annual,LEAVTIME,Time since person last worked,Derived - labour,Quarterly & annual,true,true,EXISTPR = 1,Values removed during anonymisation process.  Considered too detailed and relationships exist with other variables.
EU-LFS public microdata,quarterly_or_annual,LEAVCLAS,Time since person last worked,Derived - labour,Quarterly & annual,true,true,EXISTPR = 1  1 Less that 1 month 2 1-2 months 3 3-5 months 4 6-11 months 5 12-17 months 6 18-23 months 7 24-47 months 8 4 years or longer,
EU-LFS public microdata,quarterly_or_annual,INCDECIL,Monthly take home pay from main job,Core,Annual,false,true,STAPRO = 3,See note 1 on the Homepage.
EU-LFS public microdata,quarterly_or_annual,NACE1D,Economic activity in main job,Derived - labour,Quarterly & annual,true,true,"WSTATOR = 1,2  Classification is according to NACE.  A Agriculture, forestry and fishing B Mining and quarrying; manufacturing; electricity, gas, steam, air conditioning supply; water supply, sewerage, waste management and remediation activities F Construction G Wholesale and retail trade; repair of motor vehicles and motorcycles H Transportation and storage; accommodation and food service activities; information and communication; financial and insurance activities; real estate activities; professional, scientific and technical activities; administrative and support service activities; public administration and defence; compulsory social security; education; human health and social work activities; arts, entertainment and recreation; other service activities T Activities of households as employers; activities producing undifferentiated goods and services for own use or consumption U Activities of extraterritorial organisations and bodies 9 Not applicable (WSTATOR ≠ 1,2)","Identifying variable, global recoding applied to reduce the level of detail.  In additon, local suppressions and post-randomisation perturbations have been applied as necessary."
EU-LFS public microdata,quarterly_or_annual,NACE1Y1D,Economic activity one year before survey,Core,Annual,false,true,WSTAT1Y = 1  Classification is according to NACE.,See note 1 on the Homepage.
EU-LFS public microdata,quarterly_or_annual,HHCHILDR,Presence of the children of the person in the same household,Derived - Household,Annual,false,true,,"See note 1 on the Homepage.  Also considered too identifying, therefore values would be removed during anonymisation process."
EU-LFS public microdata,quarterly_or_annual,HHWKSTAT,Working status of adults living in the same household,Derived - Household,Annual,false,true,"HHPERS = 1,2","See note 1 on the Homepage.  Also considered too identifying, therefore values would be removed during anonymisation process."
EU-LFS public microdata,quarterly_or_annual,HHPARTNR,Presence of the partner of the person in the same household,Derived - Household,Annual,false,true,,"See note 1 on the Homepage.  Also considered too identifying, therefore values would be removed during anonymisation process."
EU-LFS public microdata,quarterly_or_annual,HHPARENT,Presence of the father and/or mother of the person in the same household,Derived - Household,Annual,false,true,,"See note 1 on the Homepage.  Also considered too identifying, therefore values would be removed during anonymisation process."
EU-LFS public microdata,quarterly_or_annual,HHCOMP,Household composition,Derived - Household,Annual,false,true,,"See note 1 on the Homepage.  Also considered too identifying, therefore values would be removed during anonymisation process."
EU-LFS public microdata,quarterly_or_annual,HATLFATH,Education level of the father,Derived - Household,Annual,false,true,"HHPARENT = 1,3","See note 1 on the Homepage.  Also considered too identifying, therefore values would be removed during anonymisation process."
EU-LFS public microdata,quarterly_or_annual,HATLMOTH,Education level of the mother,Derived - Household,Annual,false,true,"HHPARENT = 2,3","See note 1 on the Homepage.  Also considered too identifying, therefore values would be removed during anonymisation process."
EU-LFS public microdata,quarterly_or_annual,HHNBCHLD,Number of children in the household (aged less than 25 years),Derived - Household,Annual,false,true,"HHPERS = 1,2,3","See note 1 on the Homepage.  Also considered too identifying, therefore values would be removed during anonymisation process."
EU-LFS public microdata,quarterly_or_annual,HHNB0014,Number of children in the household (aged less than 15 years),Derived - Household,Annual,false,true,HHPERS = 1,"See note 1 on the Homepage.  Also considered too identifying, therefore values would be removed during anonymisation process."
EU-LFS public microdata,quarterly_or_annual,HHNBCH2,Number of persons between 0 and 2 years in the household,Derived - Household,Annual,false,true,HHPERS = 1,"See note 1 on the Homepage.  Also considered too identifying, therefore values would be removed during anonymisation process."
EU-LFS public microdata,quarterly_or_annual,HHNBCH5,Number of persons between 3 and 5 years in the household,Derived - Household,Annual,false,true,HHPERS = 1,"See note 1 on the Homepage.  Also considered too identifying, therefore values would be removed during anonymisation process."
EU-LFS public microdata,quarterly_or_annual,HHNBCH8,Number of persons between 6 and 8 years in the household,Derived - Household,Annual,false,true,HHPERS = 1,"See note 1 on the Homepage.  Also considered too identifying, therefore values would be removed during anonymisation process."
EU-LFS public microdata,quarterly_or_annual,HHNBCH11,Number of persons between 9 and 11 years in the household,Derived - Household,Annual,false,true,HHPERS = 1,"See note 1 on the Homepage.  Also considered too identifying, therefore values would be removed during anonymisation process."
EU-LFS public microdata,quarterly_or_annual,HHNBCH14,Number of persons between 12 and 14 years in the household,Derived - Household,Annual,false,true,HHPERS = 1,"See note 1 on the Homepage.  Also considered too identifying, therefore values would be removed during anonymisation process."
EU-LFS public microdata,quarterly_or_annual,HHNBCH17,Number of children between 15 and 17 years (in the household),Derived - Household,Annual,false,true,HHPERS = 2,"See note 1 on the Homepage.  Also considered too identifying, therefore values would be removed during anonymisation process."
EU-LFS public microdata,quarterly_or_annual,HHNBCH24,Number of children between 18 and 24 years (in the household),Derived - Household,Annual,false,true,HHPERS = 2,"See note 1 on the Homepage.  Also considered too identifying, therefore values would be removed during anonymisation process."
EU-LFS public microdata,quarterly_or_annual,HHNBPERS,Total number of persons in the household,Derived - Household,Annual,false,true,Regardless of age.  0-5 or 6+ Number of persons in the household,"This is the only information concerning the household in the PUFs.  Since it is an identifying variable, global recoding has been applied to reduce the level of detail.  In additon, local suppressions and post-randomisation perturbations have been applied as necessary."
EU-LFS public microdata,quarterly_or_annual,HHNBEMPL,Number of employed adults in the household,Derived - Household,Annual,false,true,HHPERS = 4,"See note 1 on the Homepage.  Also considered too identifying, therefore values would be removed during anonymisation process."
EU-LFS public microdata,quarterly_or_annual,HHNBINAC,Number of inactive adults in the household (aged 15 and over),Derived - Household,Annual,false,true,"HHPERS = 2,4","See note 1 on the Homepage.  Also considered too identifying, therefore values would be removed during anonymisation process."
EU-LFS public microdata,quarterly_or_annual,HHNBUNEM,Number of unemployed adults in the household (aged 15 and over),Derived - Household,Annual,false,true,"HHPERS = 2,4","See note 1 on the Homepage.  Also considered too identifying, therefore values would be removed during anonymisation process."
EU-LFS public microdata,quarterly_or_annual,HHNBWORK,Number of employed persons in the household (aged 15 and over),Derived - Household,Annual,false,true,"HHPERS ≠ 1,3","See note 1 on the Homepage.  Also considered too identifying, therefore values would be removed during anonymisation process."
EU-LFS public microdata,quarterly_or_annual,HHAGEYG,Age of the youngest child in the household (aged less than 25),Derived - Household,Annual,false,true,"AGE < 25 and HHPERS = 1,2,3","See note 1 on the Homepage.  Also considered too identifying, therefore values would be removed during anonymisation process."
EU-LFS public microdata,quarterly_or_annual,HHAGE14,Age of the youngest child in the household (aged less than 15),Derived - Household,Annual,false,true,"AGE < 25 and HHPERS = 1,3","See note 1 on the Homepage.  Also considered too identifying, therefore values would be removed during anonymisation process."
EU-LFS public microdata,quarterly_or_annual,HHNBOLD,Number of persons aged 65 or older in the household,Derived - Household,Annual,false,true,AGE ≥ 65,"See note 1 on the Homepage.  Also considered too identifying, therefore values would be removed during anonymisation process."
EU-LFS public microdata,quarterly_or_annual,HHPERS,Definition of children and adults,Derived - Household,Annual,false,true,"The person is considered as:  1 A child aged less than 15 living with his/her own father/mother 2 A child aged 15 to 24, living with his/her own father/mother and economically inactive 3 A child aged less than 15 not living with his/her own father/mother 4 An adult","See note 1 on the Homepage.  Also considered too identifying, therefore values would be removed during anonymisation process."
EU-LFS public microdata,quarterly_or_annual,AGERESID,Age at which person established residency in the country,Derived - labour,Quarterly & annual,true,true,Calculated as REFYEAR - YEARBIR - YEARSID if YEARSID exists.,Values removed during anonymisation process.  Considered too detailed and relationships exist with other variables.
EU-LFS public microdata,quarterly_or_annual,IS881D,Occupation,Core,Quarterly & annual,true,true,ISCO classification.,"Values removed during anonymisation process.  Information is available in the anonymised data, see variable  ISCO1D."
EU-LFS public microdata,quarterly_or_annual,IS88PR3D,Occupation of last job,Core,Quarterly & annual,true,true,ISCO classification to 3 digits.,Values removed during anonymisation process.
EU-LFS public microdata,quarterly_or_annual,IS88PR1D,Occupation of last job,Core,Quarterly & annual,true,true,ISCO classification to 1 digit.,Values removed during anonymisation process.
EU-LFS public microdata,quarterly_or_annual,IS883D,Occupation,Core,Quarterly & annual,true,true,ISCO classification.,Values removed during anonymisation process.
EU-LFS public microdata,quarterly_or_annual,HATVOC,Orientation of highest level of education successfully completed,Core,Quarterly & annual,false,false,"HATLEVEL = 300 to 400 and  15 <= AGE <= 34, or AGE > 34 and REFYEAR - HATYEAR <=15  From 2014 onwards.  1 General 2 Vocational 9 Not applicable (HATLEVEL ≠ 300 to 400, or AGE > 34 and REFYEAR - HATYEAR > 15)",
EU-LFS public microdata,quarterly_or_annual,EDUCVOC,Orientation of this education,Core,Quarterly & annual,false,false,"EDUCLEVL = 3,4  From 2014 onwards.  1 General 2 Vocational 9 Not applicable (EDUCLEVL ≠ 3,4)",
